Average Weekday Subway Ridership,,,,,,,,,,,,,,,,,,,
Station (alphabetical by borough),*,Boro,2016,2017,2018,2019,2020,2021,2020-2021 Change,,2021 Rank,,,,,,,,
The Bronx,,,,,,,,,,,,,,,,,,,
"138 St-Grand Concourse (4,5)",1,Bx,"3,532","3,486","3,166","3,324","1,211","2,127",915,75.6%,320,,,,,,,,
"149 St-Grand Concourse (2,4,5)",,Bx,"14,460","14,063","13,081","12,960","5,814","5,873",60,1.0%,118,,,,,,,,
"161 St-Yankee Stadium (B,D,4)",,Bx,"26,947","26,674","26,034","25,642","10,112","12,374","2,262",22.4%,36,,,,,,,,
167 St (4),,Bx,"9,972","9,466","9,398","8,486","4,357","5,066",709,16.3%,144,,,,,,,,
"167 St (B,D)",2,Bx,"10,439","10,223","6,342","8,542","4,405","4,723",318,7.2%,163,,,,,,,,
170 St (4),,Bx,"9,514","8,910","8,140","7,926","3,983","4,039",56,1.4%,186,,,,,,,,
"170 St (B,D)",,Bx,"7,225","7,089","7,913","6,767","3,127","3,468",342,10.9%,222,,,,,,,,
"174 St (2,5)",,Bx,"7,690","7,466","6,751","6,644","3,051","3,437",386,12.7%,223,,,,,,,,
"174-175 Sts (B,D)",3,Bx,"5,519","5,475","3,221","4,869","2,496","2,727",231,9.3%,263,,,,,,,,
176 St (4),,Bx,"6,378","6,232","5,807","5,518","2,762","2,980",218,7.9%,250,,,,,,,,
"182-183 Sts (B,D)",,Bx,"5,177","4,990","4,752","4,773","2,377","2,535",158,6.7%,287,,,,,,,,
183 St (4),,Bx,"6,443","6,271","5,754","5,641","2,944","3,269",325,11.0%,233,,,,,,,,
"219 St (2,5)",,Bx,"3,423","3,439","3,335","3,232","1,478","1,570",92,6.2%,363,,,,,,,,
"225 St (2,5)",,Bx,"4,408","4,340","3,961","3,898","1,774","1,918",144,8.1%,338,,,,,,,,
231 St (1),,Bx,"9,749","9,774","10,287","9,658","4,184","4,786",602,14.4%,160,,,,,,,,
"233 St (2,5)",,Bx,"5,438","5,138","4,864","4,768","2,348","2,546",198,8.4%,286,,,,,,,,
238 St (1),4,Bx,"4,350","4,370","3,225","3,998","1,908","2,204",296,15.5%,315,,,,,,,,
3 Av-138 St (6),,Bx,"8,008","8,114","7,801","8,100","4,005","4,326",321,8.0%,175,,,,,,,,
"3 Av-149 St (2,5)",,Bx,"24,808","24,228","22,357","22,167","10,187","10,558",370,3.6%,47,,,,,,,,
"Allerton Av (2,5)",,Bx,"5,530","5,403","5,144","5,161","2,443","2,685",241,9.9%,271,,,,,,,,
Baychester Av (5),,Bx,"4,064","3,846","3,551","3,789","1,666","1,661",-5,-0.3%,356,,,,,,,,
"Bedford Park Blvd (B,D)",,Bx,"7,236","7,066","6,419","6,911","3,099","3,492",393,12.7%,219,,,,,,,,
Bedford Park Blvd-Lehman College (4),,Bx,"5,912","5,649","5,170","5,066","2,206","2,553",347,15.7%,285,,,,,,,,
"Bronx Park East (2,5)",,Bx,"2,785","2,676","2,498","2,526","1,166","1,352",187,16.0%,378,,,,,,,,
Brook Av (6),,Bx,"6,226","6,118","6,040","5,917","3,009","3,350",341,11.3%,227,,,,,,,,
Buhre Av (6),,Bx,"3,568","3,701","3,744","3,898","1,730","1,960",230,13.3%,333,,,,,,,,
"Burke Av (2,5)",,Bx,"3,550","3,466","3,234","3,250","1,561","1,700",139,8.9%,353,,,,,,,,
Burnside Av (4),,Bx,"11,479","11,079","10,231","9,964","4,629","5,076",447,9.7%,142,,,,,,,,
Castle Hill Av (6),,Bx,"6,895","6,756","6,483","6,435","3,037","3,402",366,12.0%,225,,,,,,,,
Cypress Av (6),,Bx,"4,099","3,972","3,651","3,462","1,649","1,718",69,4.2%,351,,,,,,,,
East 143 St-St Mary's St (6),,Bx,"1,043",953,"1,019","1,085",567,688,121,21.3%,412,,,,,,,,
East 149 St (6),,Bx,"4,861","4,899","4,842","4,821","2,515","2,724",209,8.3%,264,,,,,,,,
"East 180 St (2,5)",,Bx,"7,697","7,691","7,175","7,089","3,479","3,829",350,10.1%,193,,,,,,,,
Eastchester-Dyre Av (5),,Bx,"4,769","4,647","4,506","4,672","2,168","2,300",132,6.1%,307,,,,,,,,
Elder Av (6),,Bx,"6,642","6,605","6,323","6,371","3,278","3,662",385,11.7%,205,,,,,,,,
Fordham Rd (4),,Bx,"11,957","11,503","10,395","9,796","4,857","5,666",809,16.7%,125,,,,,,,,
"Fordham Rd (B,D)",,Bx,"12,208","12,054","11,361","11,587","5,349","5,766",417,7.8%,121,,,,,,,,
"Freeman St (2,5)",,Bx,"5,055","4,984","4,451","4,387","2,048","2,373",325,15.9%,299,,,,,,,,
"Gun Hill Rd (2,5)",,Bx,"7,714","7,639","6,930","7,022","3,214","3,470",256,8.0%,221,,,,,,,,
Gun Hill Rd (5),5,Bx,"5,886","5,654","5,362","4,287","1,549","2,579","1,030",66.5%,284,,,,,,,,
Hunts Point Av (6),,Bx,"10,651","10,646","10,460","10,510","5,271","5,676",406,7.7%,124,,,,,,,,
"Intervale Av (2,5)",,Bx,"3,423","3,377","3,130","3,140","1,521","1,752",231,15.2%,349,,,,,,,,
"Jackson Av (2,5)",,Bx,"5,752","5,766","5,288","5,167","2,375","2,664",290,12.2%,275,,,,,,,,
Kingsbridge Rd (4),,Bx,"9,998","9,783","8,992","8,849","4,277","4,719",441,10.3%,164,,,,,,,,
"Kingsbridge Rd (B,D)",,Bx,"8,144","8,237","7,922","7,957","3,754","3,788",34,0.9%,196,,,,,,,,
Longwood Av (6),6,Bx,"3,517","3,518","3,395","3,168","1,267","1,859",592,46.8%,341,,,,,,,,
Middletown Rd (6),,Bx,"2,066","2,102","2,036","2,061",873,993,119,13.6%,401,,,,,,,,
Morris Park (5),,Bx,"2,487","2,527","2,417","2,520","1,104","1,302",198,18.0%,387,,,,,,,,
Morrison Av-Soundview (6),,Bx,"6,755","6,742","6,361","6,341","3,173","3,537",364,11.5%,214,,,,,,,,
Mosholu Pkwy (4),,Bx,"9,135","8,770","8,195","8,074","4,070","4,585",515,12.6%,168,,,,,,,,
Mt Eden Av (4),,Bx,"5,770","5,512","5,337","5,009","2,625","2,890",265,10.1%,256,,,,,,,,
"Nereid Av (2,5)",,Bx,"3,753","3,631","3,437","3,394","1,558","1,757",198,12.7%,348,,,,,,,,
Norwood-205 St (D),,Bx,"8,897","8,751","8,429","8,544","4,174","4,441",267,6.4%,171,,,,,,,,
Parkchester (6),,Bx,"16,561","16,310","15,660","15,427","7,028","7,754",726,10.3%,77,,,,,,,,
Pelham Bay Park (6),,Bx,"7,213","7,185","7,001","7,020","3,094","3,301",207,6.7%,232,,,,,,,,
"Pelham Pkwy (2,5)",,Bx,"9,441","9,173","8,472","8,463","3,915","4,473",558,14.2%,170,,,,,,,,
Pelham Pkwy (5),,Bx,"3,332","3,237","3,083","3,225","1,427","1,591",164,11.5%,361,,,,,,,,
"Prospect Av (2,5)",,Bx,"8,004","7,704","7,038","6,936","3,258","3,618",359,11.0%,209,,,,,,,,
"Simpson St (2,5)",,Bx,"9,680","9,446","8,477","8,257","3,914","4,371",457,11.7%,174,,,,,,,,
St. Lawrence Ave. (6),,Bx,"4,187","4,196","4,040","4,077","2,002","2,229",227,11.3%,311,,,,,,,,
"Tremont Av (B,D)",,Bx,"10,246","10,055","10,398","9,769","4,543","4,843",300,6.6%,154,,,,,,,,
Van Cortlandt Park-242 St (1),,Bx,"7,431","7,396","7,742","7,330","3,215","3,681",466,14.5%,203,,,,,,,,
Wakefield-241 St (2),,Bx,"5,213","5,129","4,763","4,538","2,284","2,427",143,6.3%,296,,,,,,,,
"West Farms Sq-East Tremont Av (2,5)",,Bx,"7,848","7,657","6,866","6,741","3,006","3,389",384,12.8%,226,,,,,,,,
Westchester Sq-East Tremont Av (6),,Bx,"6,635","6,479","6,097","6,113","2,770","3,157",387,14.0%,238,,,,,,,,
Whitlock Av (6),,Bx,"1,830","1,905","1,894","1,907",977,"1,087",110,11.3%,399,,,,,,,,
Woodlawn (4),,Bx,"7,623","7,260","6,937","6,680","3,031","3,542",511,16.9%,213,,,,,,,,
Zerega Av (6),,Bx,"2,629","2,664","2,629","2,676","1,188","1,331",143,12.1%,380,,,,,,,,
Brooklyn,,,,,,,,,,,,,,,,,,,
"15 St-Prospect Park (F,G)",,B,"6,342","6,272","6,136","6,324","2,133","2,686",553,25.9%,270,,,,,,,,
18 Av (D),,B,"6,413","6,196","6,136","6,218","2,703","3,036",333,12.3%,247,,,,,,,,
18 Av (F),,B,"4,440","4,318","3,947","3,667","1,750","2,016",266,15.2%,328,,,,,,,,
18 Av (N),7,B,"2,266","3,107","3,097","3,681","2,089","2,723",635,30.4%,265,,,,,,,,
20 Av (D),,B,"5,268","5,009","4,905","5,037","2,216","2,463",247,11.1%,293,,,,,,,,
20 Av (N),8,B,"1,348","2,139","3,514","3,692","1,551","1,992",441,28.5%,331,,,,,,,,
25 Av (D),,B,"6,507","5,790","5,083","4,877","1,940","2,152",211,10.9%,319,,,,,,,,
25 St (R),,B,"3,788","4,547","3,755","3,738","1,618","1,979",361,22.3%,332,,,,,,,,
"36 St (D,N,R)",,B,"13,180","13,894","13,493","13,342","6,008","7,507","1,499",24.9%,80,,,,,,,,
"4 Av (F,G)/9 St (R)",,B,"13,116","13,962","12,560","12,563","4,785","6,036","1,251",26.2%,113,,,,,,,,
45 St (R),,B,"7,055","7,877","7,205","7,755","3,371","4,180",809,24.0%,180,,,,,,,,
50 St (D),,B,"3,336","3,236","3,195","3,246","1,722","1,958",236,13.7%,334,,,,,,,,
53 St (R),9,B,"7,386","3,788","7,565","8,812","4,286","4,985",699,16.3%,146,,,,,,,,
55 St (D),,B,"2,223","2,106","2,185","2,141","1,095","1,216",120,11.0%,395,,,,,,,,
"59 St (N,R)",,B,"13,144","16,759","12,301","11,240","5,158","6,938","1,779",34.5%,91,,,,,,,,
"7 Av (B,Q)",,B,"9,731","10,270","10,210","10,209","3,282","4,258",976,29.7%,177,,,,,,,,
"7 Av (F,G)",,B,"11,897","11,801","11,636","11,880","4,224","5,423","1,200",28.4%,131,,,,,,,,
71 St (D),,B,"6,501","5,905","5,607","5,499","2,280","2,500",219,9.6%,288,,,,,,,,
77 St (R),,B,"5,720","6,746","5,612","5,595","2,265","2,671",406,17.9%,274,,,,,,,,
79 St (D),,B,"6,973","6,565","6,177","6,225","2,605","3,095",490,18.8%,242,,,,,,,,
8 Av (N),,B,"14,201","12,514","11,474","11,608","4,296","5,346","1,050",24.5%,137,,,,,,,,
86 St. (N),10,B,"1,298","1,534","1,928","2,224","1,095","1,324",229,20.9%,382,,,,,,,,
86 St. (R),,B,"12,078","11,742","11,338","11,233","4,890","5,942","1,052",21.5%,116,,,,,,,,
9 Av (D),,B,"5,867","5,471","5,344","5,406","2,522","2,916",393,15.6%,254,,,,,,,,
Alabama Av (J),,B,"2,585","2,424","2,147","2,089","1,068","1,187",119,11.2%,396,,,,,,,,
Atlantic Av (L),11,B,"1,455","1,821","1,842","1,593",772,929,157,20.3%,405,,,,,,,,
"Atlantic Av-Barclays Ctr (B,D,N,Q,R,2,3,4,5)",,B,"42,711","42,095","43,211","43,498","16,599","19,374","2,775",16.7%,16,,,,,,,,
Avenue H (Q),,B,"3,183","3,329","3,418","3,354","1,282","1,325",43,3.4%,381,,,,,,,,
Avenue I (F),12,B,"1,962","1,111","1,096","1,988",922,"1,050",127,13.8%,400,,,,,,,,
Avenue J (Q),,B,"6,136","6,154","6,058","5,826","2,565","3,063",498,19.4%,245,,,,,,,,
Avenue M (Q),,B,"6,052","6,094","6,001","5,678","2,503","3,085",582,23.3%,244,,,,,,,,
Avenue N (F),13,B,"3,187","2,217","2,087","2,961","1,389","1,528",139,10.0%,366,,,,,,,,
Avenue P (F),14,B,"2,688","1,821","1,710","2,463","1,165","1,316",151,13.0%,385,,,,,,,,
Avenue U (F),15,B,"2,578","1,276","1,042","1,838",863,987,124,14.4%,402,,,,,,,,
Avenue U (N),16,B,"1,399","2,285","2,627","3,156","1,530","2,005",476,31.1%,330,,,,,,,,
Avenue U (Q),,B,"7,384","7,391","7,323","7,262","3,077","3,698",621,20.2%,198,,,,,,,,
Avenue X (F),17,B,"2,424","2,508","2,662","2,530","1,173","1,256",83,7.1%,392,,,,,,,,
Bay 50 St (D),,B,"3,176","2,926","2,674","2,662","1,117","1,384",268,24.0%,376,,,,,,,,
Bay Pkwy (D),,B,"8,069","7,837","7,719","7,723","3,419","3,795",376,11.0%,195,,,,,,,,
Bay Pkwy (F),18,B,"1,329",729,623,"1,193",576,684,109,18.9%,413,,,,,,,,
Bay Pkwy (N),,B,"10,955","9,328","7,261","6,565","2,881","3,644",764,26.5%,207,,,,,,,,
Bay Ridge Av (R),19,B,"8,415","4,173","7,236","7,677","3,243","3,918",675,20.8%,189,,,,,,,,
Bay Ridge-95 St (R),,B,"6,090","5,969","5,812","5,847","2,418","2,716",298,12.3%,267,,,,,,,,
Bedford Av (L),,B,"27,486","27,783","26,603","25,158","8,679","13,543","4,863",56.0%,29,,,,,,,,
Bedford-Nostrand Avs (G),,B,"8,487","8,741","8,821","8,866","3,289","4,224",935,28.4%,178,,,,,,,,
"Bergen St (2,3)",,B,"3,884","3,853","3,653","3,857","1,326","1,621",295,22.3%,358,,,,,,,,
"Bergen St (F,G)",,B,"11,529","11,306","11,174","11,310","3,865","5,011","1,146",29.6%,145,,,,,,,,
Beverley Rd (Q),,B,"3,059","3,267","3,350","3,410","1,435","1,732",297,20.7%,350,,,,,,,,
"Beverly Rd (2,5)",,B,"4,464","4,384","4,255","4,277","1,947","2,213",266,13.6%,313,,,,,,,,
"Brighton Beach (B,Q)",,B,"13,035","12,587","12,065","11,841","5,192","5,990",798,15.4%,115,,,,,,,,
Broadway (G),,B,"4,340","4,452","4,467","4,639","2,210","2,658",448,20.3%,276,,,,,,,,
"Broadway Junction (A,C,J,L,Z)",,B,"9,189","8,681","8,142","7,813","3,787","3,882",94,2.5%,190,,,,,,,,
Bushwick Av-Aberdeen St (L),,B,"2,105","2,112","2,079","2,015",948,"1,257",309,32.6%,391,,,,,,,,
Canarsie-Rockaway Pkwy (L),,B,"13,131","12,661","11,947","11,060","4,376","3,582",-794,-18.1%,211,,,,,,,,
"Carroll St (F,G)",,B,"11,848","11,723","11,562","11,814","4,068","5,152","1,084",26.6%,141,,,,,,,,
Central Av (M),20,B,"3,884","1,929","2,393","4,473","1,813","2,013",199,11.0%,329,,,,,,,,
"Chauncey St (J,Z)",,B,"3,360","3,408","3,387","3,246","1,436","1,618",182,12.7%,359,,,,,,,,
"Church Av (2,5)",,B,"9,808","9,512","9,193","9,556","4,270","4,906",636,14.9%,151,,,,,,,,
"Church Av (B,Q)",,B,"17,482","17,186","16,528","16,251","7,029","8,066","1,036",14.7%,74,,,,,,,,
"Church Av (F,G)",21,B,"10,151","9,697","9,492","9,395","4,145","4,910",765,18.5%,150,,,,,,,,
"Clark St (2,3)",,B,"5,903","5,635","5,275","5,590","1,741","1,887",146,8.4%,339,,,,,,,,
Classon Av (G),,B,"4,996","5,106","5,301","5,453","2,070","2,766",696,33.6%,261,,,,,,,,
Cleveland St (J),,B,"3,483","3,270","2,975","2,935","1,381","1,448",68,4.9%,373,,,,,,,,
Clinton-Washington Avs (C),,B,"6,932","7,130","7,068","7,139","2,341","2,868",527,22.5%,258,,,,,,,,
Clinton-Washington Avs (G),,B,"5,312","5,083","5,025","5,208","1,810","2,487",677,37.4%,290,,,,,,,,
"Coney Island-Stillwell Av (D,F,N,Q)",,B,"14,098","13,542","13,203","12,819","5,496","6,607","1,112",20.2%,97,,,,,,,,
Cortelyou Rd (Q),,B,"6,332","6,348","6,276","6,319","2,624","3,114",490,18.7%,241,,,,,,,,
"Court St (R)/Borough Hall (2,3,4,5)",,B,"38,089","36,762","35,599","34,939","11,425","12,377",952,8.3%,35,,,,,,,,
"Crescent St (J,Z)",,B,"5,053","4,842","4,539","4,463","2,138","2,321",184,8.6%,304,,,,,,,,
"Crown Heights-Utica Av (3,4)",,B,"29,069","28,980","25,336","25,331","11,675","12,614",939,8.0%,33,,,,,,,,
Cypress Hills (J),,B,"1,501","1,501","1,457","1,474",715,819,104,14.6%,409,,,,,,,,
"DeKalb Av (B,Q,R)",,B,"18,774","21,230","22,069","22,000","7,782","8,949","1,167",15.0%,64,,,,,,,,
DeKalb Av (L),,B,"12,307","13,050","12,638","11,214","5,017","6,526","1,509",30.1%,101,,,,,,,,
Ditmas Av (F),22,B,"3,524","3,849","3,904","3,947","1,900","2,222",322,16.9%,312,,,,,,,,
East 105 St (L),,B,"4,070","3,999","3,798","3,367","1,605","1,634",30,1.8%,357,,,,,,,,
"Eastern Pkwy-Brooklyn Museum (2,3)",,B,"4,719","4,592","4,637","4,036","1,292","1,946",654,50.6%,336,,,,,,,,
"Euclid Av (A,C)",,B,"10,870","10,751","10,191","10,119","4,771","4,919",148,3.1%,149,,,,,,,,
"Flatbush Av-Brooklyn College (2,5)",,B,"21,268","20,691","19,763","19,572","7,894","8,442",548,6.9%,70,,,,,,,,
Flushing Av (G),,B,"2,857","2,866","2,949","2,466","1,330","1,837",507,38.1%,344,,,,,,,,
"Flushing Av (J,M)",,B,"9,347","8,952","8,336","8,623","3,939","4,426",488,12.4%,172,,,,,,,,
Fort Hamilton Pkwy (D),,B,"4,420","4,162","3,936","3,983","2,008","2,387",379,18.9%,298,,,,,,,,
"Fort Hamilton Pkwy (F,G)",,B,"6,044","5,893","5,807","5,877","2,015","2,628",613,30.4%,279,,,,,,,,
Fort Hamilton Pkwy (N),23,B,"1,771","3,196","3,232","4,468","2,469","3,130",660,26.7%,239,,,,,,,,
"Franklin Av (2,3,4,5)/Botanic Garden (S)",,B,"15,834","15,269","14,581","15,412","5,743","6,534",791,13.8%,100,,,,,,,,
"Franklin Av (C,S)",,B,"6,289","6,333","6,358","6,234","2,391","2,624",233,9.8%,281,,,,,,,,
Fulton St (G),,B,"5,096","5,364","5,462","5,416","2,235","2,961",726,32.5%,251,,,,,,,,
"Gates Av (J,Z)",,B,"6,602","7,110","7,255","7,095","2,951","3,476",525,17.8%,220,,,,,,,,
Graham Av (L),,B,"10,483","10,536","9,959","9,346","3,434","4,518","1,085",31.6%,169,,,,,,,,
"Grand Army Plaza (2,3)",,B,"7,735","7,452","7,188","7,349","2,504","3,053",549,21.9%,246,,,,,,,,
Grand St (L),,B,"6,977","7,317","6,964","6,409","2,708","3,536",828,30.6%,215,,,,,,,,
Grant Av (A),,B,"7,044","6,318","5,896","5,710","2,586","2,715",129,5.0%,268,,,,,,,,
Greenpoint Av (G),,B,"9,413","9,648","9,509","10,006","4,113","5,296","1,183",28.7%,139,,,,,,,,
Halsey St (J),,B,"6,490","6,616","6,579","6,522","2,645","2,927",282,10.6%,253,,,,,,,,
Halsey St (L),,B,"8,426","8,781","8,386","7,391","3,279","4,042",763,23.3%,185,,,,,,,,
"Hewes St (J,M)",,B,"2,866","2,861","2,782","3,281","1,401","1,572",172,12.3%,362,,,,,,,,
"High St (A,C)",,B,"8,701","9,215","10,281","10,776","3,136","4,085",949,30.3%,183,,,,,,,,
"Hoyt St (2,3)",,B,"7,615","7,637","6,938","7,467","2,765","3,256",492,17.8%,234,,,,,,,,
"Hoyt-Schermerhorn Sts (A,C,G)",,B,"9,894","10,319","10,540","11,238","4,401","5,261",860,19.6%,140,,,,,,,,
"Jay St-MetroTech (A,C,F,R)",,B,"44,267","43,833","42,274","41,455","13,385","14,340",956,7.1%,26,,,,,,,,
Jefferson St (L),,B,"7,639","7,807","7,674","7,221","2,879","3,802",923,32.0%,194,,,,,,,,
Junius St (3),24,B,"2,230",970,"2,080","2,216","1,093","1,156",63,5.7%,398,,,,,,,,
"Kings Hwy (B,Q)",,B,"20,094","19,975","19,569","19,745","8,454","10,331","1,877",22.2%,53,,,,,,,,
Kings Hwy (F),,B,"4,637","5,186","4,567","3,724","1,708","1,864",155,9.1%,340,,,,,,,,
Kings Hwy (N),25,B,"1,489","2,891","3,328","4,363","2,115","2,720",605,28.6%,266,,,,,,,,
Kingston Av (3),,B,"4,977","4,703","4,623","4,697","1,958","2,353",395,20.2%,301,,,,,,,,
Kingston-Throop Avs (C),,B,"6,350","6,564","6,585","6,643","2,473","2,891",418,16.9%,255,,,,,,,,
Knickerbocker Av (M),26,B,"4,228","2,077","2,446","4,522","1,978","2,204",226,11.4%,316,,,,,,,,
Kosciuszko St (J),,B,"5,118","6,143","6,144","5,562","2,220","2,649",429,19.3%,278,,,,,,,,
Lafayette Av (C),,B,"4,888","4,843","4,889","4,928","1,860","2,350",490,26.4%,302,,,,,,,,
Liberty Av (C),,B,"3,020","2,933","2,754","2,749","1,238","1,307",69,5.5%,386,,,,,,,,
Livonia Av (L),,B,"3,418","3,264","3,209","2,831","1,467","1,317",-150,-10.2%,383,,,,,,,,
"Lorimer St (J,M)",,B,"5,138","5,161","4,837","5,216","2,170","2,361",191,8.8%,300,,,,,,,,
Lorimer St (L)/Metropolitan Av (G),,B,"15,082","14,752","14,299","13,985","5,150","6,893","1,744",33.9%,93,,,,,,,,
"Marcy Av (J,M,Z)",,B,"13,815","13,377","13,315","14,255","5,628","6,476",848,15.1%,103,,,,,,,,
Montrose Av (L),,B,"7,007","7,021","6,884","6,515","2,661","3,512",851,32.0%,218,,,,,,,,
Morgan Av (L),,B,"7,592","7,769","7,510","6,944","2,732","3,532",800,29.3%,216,,,,,,,,
"Myrtle Av (J,M,Z)",,B,"11,801","13,222","12,122","11,970","4,821","5,348",527,10.9%,136,,,,,,,,
Myrtle-Willoughby Avs (G),,B,"5,889","5,743","5,736","5,919","2,473","2,955",482,19.5%,252,,,,,,,,
"Myrtle-Wyckoff Avs (L,M)",,B,"19,673","22,434","21,241","18,735","8,404","10,038","1,634",19.4%,56,,,,,,,,
Nassau Av (G),,B,"9,150","9,105","9,312","9,841","3,691","4,647",956,25.9%,166,,,,,,,,
Neck Rd (Q),,B,"4,354","4,441","4,405","4,401","1,834","2,077",243,13.2%,325,,,,,,,,
Neptune Av (F),,B,"1,742","1,658","1,516","1,456",652,777,125,19.1%,411,,,,,,,,
"Nevins St (2,3,4,5)",,B,"10,716","10,699","10,426","10,205","3,824","4,164",340,8.9%,181,,,,,,,,
New Lots Av (3),,B,"6,855","6,087","5,573","5,454","2,554","2,652",99,3.9%,277,,,,,,,,
New Lots Av (L),,B,"5,431","5,290","4,869","4,168","2,020","2,209",189,9.3%,314,,,,,,,,
New Utrecht Av (N)/62 St (D),27,B,"5,602","5,217","4,673","4,736","2,264","2,814",551,24.3%,260,,,,,,,,
"Newkirk Av (2,5)",,B,"7,840","7,600","7,312","7,182","3,286","3,697",412,12.5%,199,,,,,,,,
"Newkirk Plaza (B,Q)",,B,"10,842","10,728","10,534","10,514","4,380","5,305",925,21.1%,138,,,,,,,,
"Norwood Av (J,Z)",,B,"3,613","3,437","3,190","3,156","1,447","1,522",75,5.2%,367,,,,,,,,
Nostrand Av (3),,B,"4,239","4,066","3,907","4,195","1,568","1,846",278,17.8%,342,,,,,,,,
"Nostrand Av (A,C)",,B,"18,231","18,035","17,437","17,352","6,687","8,121","1,434",21.4%,73,,,,,,,,
Ocean Pkwy (Q),,B,"3,211","3,251","3,199","3,242","1,434","1,671",237,16.5%,355,,,,,,,,
Park Pl (S),,B,"1,850","1,818","1,725","1,676",682,804,122,17.9%,410,,,,,,,,
Parkside Av (Q),,B,"5,524","5,898","6,050","6,173","2,652","3,159",507,19.1%,237,,,,,,,,
Pennsylvania Av (3),28,B,"2,485","3,503","4,331","4,493","2,087","2,294",207,9.9%,308,,,,,,,,
"President St (2,5)",,B,"4,114","4,113","4,019","3,558","1,444","1,818",373,25.9%,346,,,,,,,,
Prospect Av (R),29,B,"5,842","3,199","5,523","5,967","2,222","2,828",606,27.3%,259,,,,,,,,
"Prospect Park (B,Q,S)",,B,"9,995","10,234","10,059","10,152","3,902","4,765",863,22.1%,161,,,,,,,,
Ralph Av (C),,B,"5,801","5,936","5,768","5,730","2,525","2,713",188,7.5%,269,,,,,,,,
Rockaway Av (3),30,B,"5,122","5,642","4,747","4,780","2,294","2,467",173,7.5%,291,,,,,,,,
Rockaway Av (C),,B,"5,678","5,715","5,667","5,653","2,434","2,628",194,8.0%,280,,,,,,,,
Saratoga Av (3),31,B,"4,006","5,777","5,246","5,238","2,547","2,760",213,8.4%,262,,,,,,,,
"Sheepshead Bay (B,Q)",,B,"14,477","14,311","13,946","13,908","5,830","6,693",863,14.8%,96,,,,,,,,
Shepherd Av (C),,B,"3,393","3,337","3,182","3,153","1,436","1,511",74,5.2%,368,,,,,,,,
"Smith-9 Sts (F,G)",,B,"4,861","4,714","4,689","4,553","1,921","2,243",322,16.8%,310,,,,,,,,
"Sterling St. (2,5)",,B,"5,806","5,795","5,684","5,468","2,371","2,879",508,21.4%,257,,,,,,,,
Sutter Av (L),,B,"4,688","4,471","4,029","3,446","1,583","1,713",130,8.2%,352,,,,,,,,
Sutter Av-Rutland Rd (3),32,B,"6,785","3,449","6,657","6,724","3,178","3,422",243,7.7%,224,,,,,,,,
Union St (R),,B,"6,512","6,395","6,835","7,375","2,582","3,348",765,29.6%,228,,,,,,,,
"Utica Av (A,C)",,B,"16,060","16,408","16,121","15,957","6,473","6,989",516,8.0%,88,,,,,,,,
Van Siclen Av (3),33,B,"4,194","3,660","2,904","2,833","1,314","1,335",21,1.6%,379,,,,,,,,
Van Siclen Av (C),,B,"3,224","3,259","3,021","2,920","1,378","1,400",22,1.6%,375,,,,,,,,
"Van Siclen Av (J,Z)",,B,"3,067","2,900","2,678","2,614","1,315","1,473",158,12.0%,370,,,,,,,,
"West 8 St-New York Aquarium (F,Q)",,B,"2,421","2,404","2,469","2,471","1,013","1,285",272,26.9%,388,,,,,,,,
Wilson Av (L),34,B,"3,812","4,564","4,468","4,292","1,868","2,310",442,23.6%,306,,,,,,,,
"Winthrop St (2,5)",,B,"7,272","7,317","7,262","6,499","3,244","4,001",756,23.3%,187,,,,,,,,
York St (F),,B,"10,246","10,373","11,032","12,638","4,055","4,758",703,17.3%,162,,,,,,,,
Manhattan,,,,,,,,,,,,,,,,,,,
1 Av (L),,M,"23,195","21,823","20,998","18,393","6,992","11,477","4,485",64.1%,43,,,,,,,,
103 St (1),,M,"13,246","12,818","12,569","12,005","4,488","5,699","1,211",27.0%,123,,,,,,,,
103 St (6),35,M,"13,994","14,337","13,285","13,218","5,955","6,897",943,15.8%,92,,,,,,,,
"103 St (B,C)",,M,"4,776","4,674","5,444","4,724","1,805","2,186",381,21.1%,318,,,,,,,,
110 St (6),,M,"13,341","11,932","10,851","10,580","4,647","5,513",866,18.6%,129,,,,,,,,
"116 St (2,3)",,M,"12,090","11,553","10,707","10,592","4,246","4,939",692,16.3%,148,,,,,,,,
116 St (6),,M,"16,707","15,899","14,715","14,394","6,366","7,390","1,024",16.1%,82,,,,,,,,
"116 St (B,C)",,M,"7,417","7,232","7,613","7,249","2,822","3,346",523,18.5%,229,,,,,,,,
116 St-Columbia University (1),,M,"15,861","15,263","15,079","14,777","4,277","5,814","1,537",35.9%,119,,,,,,,,
125 St (1),,M,"7,794","7,584","7,679","7,599","2,973","3,677",703,23.7%,204,,,,,,,,
"125 St (2,3)",,M,"15,719","15,692","14,746","14,703","5,644","6,422",778,13.8%,105,,,,,,,,
"125 St (4,5,6)",,M,"30,024","29,065","27,605","27,231","11,469","11,943",474,4.1%,39,,,,,,,,
"125 St (A,B,C,D)",,M,"29,423","28,680","27,677","28,267","11,888","13,324","1,436",12.1%,30,,,,,,,,
"135 St (2,3)",,M,"15,446","15,023","14,343","13,799","5,856","6,412",556,9.5%,106,,,,,,,,
"135 St (B,C)",,M,"5,785","5,770","5,490","5,657","2,173","2,433",259,11.9%,295,,,,,,,,
137 St-City College (1),,M,"14,460","14,049","13,371","12,464","5,073","5,763",690,13.6%,122,,,,,,,,
"14 St (A,C,E)/8 Av (L)",,M,"44,680","43,434","44,031","44,370","13,887","17,710","3,823",27.5%,19,,,,,,,,
"14 St (F,M,1,2,3)/6 Av (L)",,M,"50,692","48,565","48,508","46,363","15,417","18,555","3,139",20.4%,17,,,,,,,,
"14 St-Union Sq (L,N,Q,R,W,4,5,6)",,M,"106,718","107,141","103,572","101,832","33,624","39,138","5,514",16.4%,4,,,,,,,,
145 St (1),,M,"10,039","9,863","9,433","9,219","3,981","4,840",859,21.6%,155,,,,,,,,
145 St (3),36,M,"3,590","3,540","2,105","3,193","1,428","1,614",186,13.0%,360,,,,,,,,
"145 St (A,B,C,D)",,M,"24,604","23,932","23,047","22,937","9,415","10,513","1,098",11.7%,48,,,,,,,,
"155 St (B,D)",,M,"4,052","3,804","3,595","3,556","1,711","1,837",126,7.4%,345,,,,,,,,
155 St (C),,M,"2,733","2,715","3,168","2,732","1,119","1,259",140,12.5%,390,,,,,,,,
157 St (1),,M,"10,928","10,802","11,036","12,042","4,515","5,420",906,20.1%,132,,,,,,,,
163 St-Amsterdam Av (C),37,M,"4,513","4,436","1,711","4,289","1,898","2,079",181,9.6%,324,,,,,,,,
"168 St (A,C,1)",38,M,"25,879","25,589","26,138","20,079","10,386","12,957","2,570",24.7%,31,,,,,,,,
175 St (A),,M,"13,377","13,217","12,580","13,144","5,203","6,270","1,068",20.5%,112,,,,,,,,
18 St (1),,M,"8,903","8,680","8,860","8,843","2,615","2,995",380,14.5%,249,,,,,,,,
181 St (1),39,M,"11,578","11,693","11,342","11,311","5,469",348,"-5,122",-93.6%,419,,,,,,,,
181 St (A),,M,"11,294","10,981","10,760","10,542","4,216","6,319","2,103",49.9%,110,,,,,,,,
190 St (A),,M,"4,748","4,719","4,574","4,805","1,751","1,466",-285,-16.3%,371,,,,,,,,
191 St (1),40,M,"8,545","8,419","8,032","7,525","1,463","4,612","3,148",215.2%,167,,,,,,,,
2 Av (F),,M,"17,059","16,675","15,995","16,703","5,524","7,189","1,666",30.2%,85,,,,,,,,
207 St (1),,M,"6,562","6,524","6,349","5,890","2,811","3,215",404,14.4%,235,,,,,,,,
215 St (1),,M,"2,001","1,988","1,787","1,718",681,868,187,27.5%,407,,,,,,,,
23 St (1),,M,"15,062","14,763","15,470","14,824","4,861","5,583",722,14.8%,127,,,,,,,,
23 St (6),,M,"29,452","28,479","31,597","30,031","9,104","9,909",806,8.8%,58,,,,,,,,
"23 St (C,E)",,M,"24,569","24,161","24,397","23,890","7,820","9,310","1,490",19.0%,62,,,,,,,,
"23 St (F,M)",41,M,"31,078","30,758","18,416","28,776","9,987","10,426",439,4.4%,50,,,,,,,,
"23 St (R,W)",,M,"26,693","25,007","26,381","23,398","6,557","7,231",674,10.3%,84,,,,,,,,
28 St (1),,M,"15,253","14,740","14,797","15,083","4,520","5,068",548,12.1%,143,,,,,,,,
28 St (6),42,M,"24,130","23,081","12,019","19,766","7,449","8,264",816,10.9%,71,,,,,,,,
"28 St (R,W)",,M,"13,680","13,256","14,302","13,144","3,877","4,260",382,9.9%,176,,,,,,,,
3 Av (L),,M,"7,179","6,934","6,749","5,725","2,387","3,198",811,34.0%,236,,,,,,,,
33 St (6),,M,"32,153","30,040","32,608","30,368","10,326","11,930","1,603",15.5%,40,,,,,,,,
"34 St-Herald Sq (B,D,F,M,N,Q,R,W)",,M,"125,682","127,664","126,576","125,498","40,615","45,739","5,124",12.6%,2,,,,,,,,
34 St-Hudson Yards (7),,M,"8,507","10,082","10,789","18,875","6,590","8,608","2,018",30.6%,68,,,,,,,,
"34 St-Penn Station (1,2,3)",,M,"90,524","85,585","85,180","84,975","25,861","27,237","1,376",5.3%,10,,,,,,,,
"34 St-Penn Station (A,C,E)",,M,"82,584","78,904","80,346","82,855","26,148","30,078","3,931",15.0%,6,,,,,,,,
,,,,,,,,,,,,,,,,,,,
"47-50 Sts-Rockefeller Center (B,D,F,M)",,M,"62,283","61,478","61,027","63,609","19,902","20,526",624,3.1%,15,,,,,,,,
"49 St (N,R,W)",,M,"27,077","26,519","25,911","23,854","6,287","7,569","1,281",20.4%,79,,,,,,,,
"5 Av-53 St (E,M)",,M,"26,566","25,746","27,612","27,934","7,693","8,229",536,7.0%,72,,,,,,,,
"5 Av-59 St (N,R,W)",,M,"18,637","16,871","16,638","15,854","5,229","6,483","1,254",24.0%,102,,,,,,,,
50 St (1),,M,"26,362","25,932","26,268","26,712","7,018","7,595",577,8.2%,78,,,,,,,,
"50 St (C,E)",,M,"20,921","20,502","19,757","21,223","6,370","7,920","1,550",24.3%,75,,,,,,,,
57 St (F),43,M,"15,768","15,154","7,638","14,254","4,585","5,390",804,17.5%,134,,,,,,,,
"57 St-7 Av (N,Q,R,W)",,M,"30,311","35,390","37,870","35,078","10,983","12,144","1,161",10.6%,37,,,,,,,,
"59 St-Columbus Circle (A,B,C,D,1)",,M,"73,836","73,105","73,003","72,959","23,848","28,407","4,559",19.1%,8,,,,,,,,
66 St-Lincoln Center (1),,M,"24,064","22,918","22,890","22,949","6,800","7,845","1,045",15.4%,76,,,,,,,,
68 St-Hunter College (6),,M,"35,068","24,456","22,757","23,430","8,641","10,343","1,702",19.7%,52,,,,,,,,
"7 Av (B,D,E)",,M,"17,538","17,334","17,947","18,475","5,195","5,591",396,7.6%,126,,,,,,,,
"72 St (1,2,3)",,M,"40,450","38,957","39,477","38,061","13,667","16,985","3,318",24.3%,20,,,,,,,,
"72 St (B,C)",44,M,"9,448","8,803","4,472","8,651","2,925","4,102","1,177",40.3%,182,,,,,,,,
72 St (Q),,M,,"28,145","30,253","31,585","12,496","15,649","3,153",25.2%,24,,,,,,,,
77 St (6),,M,"36,103","27,584","25,369","25,996","10,574","13,676","3,102",29.3%,28,,,,,,,,
79 St (1),,M,"16,372","15,698","15,175","14,918","5,183","6,975","1,792",34.6%,89,,,,,,,,
"8 St-New York University (R,W)",,M,"18,305","16,994","17,192","16,870","4,703","5,875","1,173",24.9%,117,,,,,,,,
"81 St-Museum of Natural History (B,C)",,M,"14,140","13,313","15,383","13,420","3,873","5,469","1,596",41.2%,130,,,,,,,,
86 St. (1),,M,"19,757","18,882","19,325","18,221","6,520","8,469","1,948",29.9%,69,,,,,,,,
"86 St. (4,5,6)",,M,"64,793","45,882","43,169","43,282","16,528","20,762","4,234",25.6%,13,,,,,,,,
"86 St. (B,C)",45,M,"11,809","10,681","6,007","10,652","3,910","4,955","1,046",26.7%,147,,,,,,,,
86 St (Q),,M,,"23,722","25,455","26,307","9,083","10,833","1,750",19.3%,46,,,,,,,,
"96 St (1,2,3)",,M,"38,859","37,043","36,026","35,617","13,247","16,526","3,279",24.8%,22,,,,,,,,
96 St (6),,M,"26,939","18,983","17,447","17,432","7,437","8,978","1,541",20.7%,63,,,,,,,,
"96 St (B,C)",,M,"10,425","9,733","9,924","10,059","3,938","4,824",886,22.5%,157,,,,,,,,
96 St (Q),,M,,"17,150","19,318","19,704","7,525","8,652","1,128",15.0%,66,,,,,,,,
Astor Place (6),,M,"16,806","16,377","16,031","17,180","5,161","6,291","1,130",21.9%,111,,,,,,,,
"Bowery (J,Z)",,M,"3,504","3,715","3,738","3,842","1,284","1,549",265,20.6%,365,,,,,,,,
"Bowling Green (4,5)",,M,"31,522","29,395","28,646","28,664","8,623","8,649",26,0.3%,67,,,,,,,,
"Broad St (J,Z)",,M,"7,279","7,130","7,050","7,710","2,453","2,441",-12,-0.5%,294,,,,,,,,
"Broadway-Lafayette St (B,D,F,M)/Bleecker St (6)",,M,"39,058","37,986","36,493","38,527","12,349","15,578","3,230",26.2%,25,,,,,,,,
"Brooklyn Bridge-City Hall (4,5,6)/Chambers St (J,Z)",,M,"34,352","31,804","30,932","30,961","9,217","10,392","1,174",12.7%,51,,,,,,,,
Canal St (1),,M,"6,116","5,996","6,410","6,830","1,866","1,943",77,4.1%,337,,,,,,,,
"Canal St (A,C,E)",,M,"19,660","19,789","20,424","21,206","6,407","6,963",557,8.7%,90,,,,,,,,
"Canal St (J,N,Q,R,W,Z,6)",,M,"45,030","47,601","47,034","47,629","14,626","17,929","3,303",22.6%,18,,,,,,,,
Cathedral Pkwy-110 St (1),,M,"12,926","12,394","12,526","11,826","4,380","5,768","1,388",31.7%,120,,,,,,,,
"Cathedral Pkwy-110 St (B,C)",46,M,"7,553","7,523","3,785","7,382","2,919","3,684",765,26.2%,201,,,,,,,,
"Central Park North-110 St (2,3)",,M,"9,855","9,233","8,815","8,470","3,257","3,694",438,13.4%,200,,,,,,,,
"Chambers St (1,2,3)",,M,"23,574","22,419","21,303","20,613","5,990","6,351",360,6.0%,109,,,,,,,,
"Chambers St (A,C)/WTC (E)/Park Place (2,3)/Cortlandt (R,W)",,M,"67,906","70,356","72,396","71,970","20,193","20,530",337,1.7%,14,,,,,,,,
Christopher St-Sheridan Sq (1),,M,"9,792","9,570","9,675","10,089","3,067","4,387","1,319",43.0%,173,,,,,,,,
"City Hall (R,W)",,M,"6,766","7,731","6,657","6,050","1,874","2,084",209,11.2%,323,,,,,,,,
"Delancey St (F)/Essex St (J,M,Z)",,M,"25,625","24,993","24,562","26,685","10,038","12,795","2,757",27.5%,32,,,,,,,,
Dyckman St (1),,M,"7,297","7,231","7,002","6,624","3,326","3,656",330,9.9%,206,,,,,,,,
Dyckman St (A),,M,"6,874","6,739","6,477","6,874","2,854","3,305",451,15.8%,231,,,,,,,,
East Broadway (F),,M,"14,654","14,365","13,868","13,995","5,146","6,371","1,225",23.8%,108,,,,,,,,
Franklin St (1),,M,"5,984","5,809","5,943","5,370","1,676","1,949",274,16.3%,335,,,,,,,,
"Fulton St (A,C,J,Z,2,3,4,5)",,M,"85,440","91,771","92,990","94,607","29,602","30,710","1,108",3.7%,5,,,,,,,,
"Grand Central-42 St (S,4,5,6,7)",,M,"158,580","154,711","155,345","157,273","44,778","45,220",442,1.0%,3,,,,,,,,
"Grand St (B,D)",,M,"24,649","24,460","23,422","24,323","8,742","10,976","2,234",25.6%,45,,,,,,,,
Harlem-148 St (3),,M,"4,017","3,899","4,074","3,707","1,528","1,691",163,10.6%,354,,,,,,,,
Houston St (1),,M,"15,333","15,283","15,698","15,685","4,702","4,802",100,2.1%,158,,,,,,,,
Inwood-207 St (A),,M,"9,350","9,217","8,793","9,615","3,796","4,208",412,10.9%,179,,,,,,,,
"Lexington Av (N,Q,R)/59 St (4,5,6)",,M,"67,684","58,467","55,608","54,907","20,228","23,695","3,466",17.1%,11,,,,,,,,
"Lexington Av-53 St (E,M)/51 St (6)",,M,"69,750","66,118","64,499","66,260","19,883","20,934","1,051",5.3%,12,,,,,,,,
"Lexington Av-63 St (F,Q)",,M,"16,988","20,893","21,394","21,574","7,968","9,988","2,020",25.3%,57,,,,,,,,
Marble Hill-225 St (1),,M,"5,636","5,473","5,433","5,075","2,401","2,677",275,11.5%,272,,,,,,,,
"Prince St (R,W)",,M,"15,424","14,400","14,408","12,827","3,501","4,790","1,289",36.8%,159,,,,,,,,
Rector St (1),,M,"9,788","9,453","9,005","8,471","2,311","2,676",365,15.8%,273,,,,,,,,
"Rector St (R,W)",,M,"6,524","7,092","7,185","6,926","2,036","2,187",151,7.4%,317,,,,,,,,
Roosevelt Island (F),,M,"6,630","7,354","7,153","7,489","2,771","3,637",866,31.3%,208,,,,,,,,
"South Ferry (1)/Whitehall St (R,W)",,M,"29,534","33,019","33,797","34,033","9,996","10,993",996,10.0%,44,,,,,,,,
Spring St (6),,M,"11,390","11,019","10,822","11,230","3,317","4,680","1,363",41.1%,165,,,,,,,,
"Spring St (C,E)",,M,"12,775","12,360","13,054","14,756","4,495","5,366",871,19.4%,135,,,,,,,,
"Times Sq-42 St (N,Q,R,S,W,1,2,3,7)/42 St (A,C,E)/Bryant Pk (B,D,F,M)/5 Av (7)",,M,"260,156","260,940","259,889","263,498","82,379","90,801","8,422",10.2%,1,,,,,,,,
"Wall St (2,3)",,M,"27,291","26,022","23,968","24,618","6,950","6,423",-527,-7.6%,104,,,,,,,,
"Wall St (4,5)",,M,"22,211","20,420","19,745","19,994","6,000","6,006",6,0.1%,114,,,,,,,,
"West 4 St-Washington Sq (A,B,C,D,E,F,M)",,M,"42,755","41,835","40,666","41,938","13,278","16,668","3,390",25.5%,21,,,,,,,,
WTC Cortlandt (1) ,47,M,0,0,"3,558","13,871","3,687","3,773",86,2.3%,197,,,,,,,,
Queens,,,,,,,,,,,,,,,,,,,
103 St-Corona Plaza (7),,Q,"20,282","20,101","19,682","19,943","10,299","12,487","2,188",21.2%,34,,,,,,,,
104 St (A),,Q,"2,189","1,900","1,841","1,823",817,918,101,12.4%,406,,,,,,,,
"104 St (J,Z)",48,Q,"2,758","1,727","1,587","2,727","1,178","1,459",281,23.9%,372,,,,,,,,
111 St (7),,Q,"11,421","11,384","11,091","11,280","5,857","7,333","1,476",25.2%,83,,,,,,,,
111 St (A),49,Q,"1,947","2,571","2,596","2,620","1,152","1,237",86,7.4%,394,,,,,,,,
111 St (J),50,Q,"2,607","3,235","2,819","1,169",968,"1,249",281,29.1%,393,,,,,,,,
"121 St (J,Z)",51,Q,"2,500","1,135","1,354","2,341","1,005","1,260",255,25.4%,389,,,,,,,,
169 St (F),,Q,"9,016","8,671","8,109","8,004","3,396","3,945",549,16.2%,188,,,,,,,,
21 St (G),,Q,"1,735","1,863","1,757","1,675",711,940,229,32.2%,404,,,,,,,,
21 St-Queensbridge (F),,Q,"9,779","10,209","10,840","11,184","4,372","4,835",464,10.6%,156,,,,,,,,
"30 Av (N,W)",52,Q,"14,739","11,381","8,286","17,906","5,579","6,408",829,14.9%,107,,,,,,,,
33 St-Rawson St (7),,Q,"13,302","12,429","11,029","10,574","3,433","3,684",250,7.3%,202,,,,,,,,
"36 Av (N,W)",53,Q,"7,347","5,525","5,073","6,602","2,672","3,090",417,15.6%,243,,,,,,,,
"36 St (M,R)",,Q,"4,776","4,786","5,177","4,725","1,619","1,796",178,11.0%,347,,,,,,,,
"39 Av (N,W)",54,Q,"3,207","3,267","2,356","2,555","1,230","1,353",122,9.9%,377,,,,,,,,
40 St-Lowery St (7),,Q,"11,089","10,624","9,954","10,028","3,960","4,868",908,22.9%,153,,,,,,,,
"46 St (M,R)",,Q,"9,362","9,049","8,752","8,556","3,376","4,044",667,19.8%,184,,,,,,,,
46 St-Bliss St (7),,Q,"14,335","13,614","12,828","12,702","5,521","6,724","1,204",21.8%,94,,,,,,,,
52 St (7),,Q,"6,795","6,495","6,001","6,079","2,661","3,305",645,24.2%,230,,,,,,,,
"63 Dr-Rego Park (M,R)",,Q,"16,868","16,323","15,574","15,567","6,330","7,436","1,106",17.5%,81,,,,,,,,
"65 St (M,R)",,Q,"3,747","3,621","3,601","3,554","1,480","1,840",360,24.3%,343,,,,,,,,
"67 Av (M,R)",,Q,"9,479","9,181","8,774","8,881","3,380","3,861",481,14.2%,191,,,,,,,,
69 St (7),,Q,"5,072","4,973","4,679","4,818","2,267","3,009",743,32.8%,248,,,,,,,,
"74-Broadway (7)/Jackson Hts-Roosevelt Av (E,F,M,R)",,Q,"52,296","52,018","51,766","52,159","22,913","28,560","5,647",24.6%,7,,,,,,,,
"75 Av (E,F)",,Q,"3,710","3,365","3,455","3,549","1,308","1,484",177,13.5%,369,,,,,,,,
"75 St-Elderts Ln (J,Z)",,Q,"3,837","3,641","3,464","3,573","1,661","2,052",391,23.5%,327,,,,,,,,
80 St (A),55,Q,"3,574","4,416","4,316","4,274","1,801","2,120",319,17.7%,321,,,,,,,,
82 St-Jackson Hts (7),,Q,"15,765","15,393","14,626","15,056","7,028","9,669","2,641",37.6%,59,,,,,,,,
85 St-Forest Pkwy (J),,Q,"3,968","3,923","3,699","3,669","1,747","2,090",343,19.6%,322,,,,,,,,
88 St (A),,Q,"3,221","2,965","2,835","2,860","1,274","1,408",133,10.5%,374,,,,,,,,
90 St-Elmhurst Av (7),,Q,"16,957","16,848","16,253","16,365","8,217","10,099","1,882",22.9%,54,,,,,,,,
Aqueduct Racetrack (A),,Q,"1,739","1,672","1,901","1,594",448,629,181,40.4%,414,,,,,,,,
Aqueduct-North Conduit Av (A),,Q,"1,125","1,031",921,893,359,419,60,16.6%,416,,,,,,,,
"Astoria Blvd (N,W)",56,Q,"12,358","13,103","14,425","2,410","3,324","4,876","1,551",46.7%,152,,,,,,,,
"Astoria-Ditmars Blvd (N,W)",,Q,"17,345","16,686","15,663","17,912","6,363","7,165",803,12.6%,86,,,,,,,,
"Beach 105 St (A,S)",,Q,289,278,261,243,103,114,11,10.8%,423,,,,,,,,
Beach 25 St (A),,Q,"1,968","1,925","1,792","1,720",832,865,33,3.9%,408,,,,,,,,
Beach 36 St (A),,Q,975,962,887,951,472,494,22,4.6%,415,,,,,,,,
Beach 44 St (A),,Q,676,690,693,699,347,354,7,1.9%,418,,,,,,,,
Beach 60 St (A),,Q,"2,507","2,319","2,013","2,008",980,978,-1,-0.1%,403,,,,,,,,
Beach 67 St-Arverne By The Sea (A),,Q,"2,493","2,440","2,103","2,252","1,116","1,159",43,3.9%,397,,,,,,,,
"Beach 90 St (A,S)",,Q,939,"1,110","1,097",946,358,418,60,16.8%,417,,,,,,,,
"Beach 98 St (A,S)",,Q,579,531,481,478,189,218,28,14.9%,421,,,,,,,,
"Briarwood-Van Wyck Blvd (E,F)",,Q,"5,057","5,061","4,913","4,970","2,054","2,401",346,16.9%,297,,,,,,,,
"Broad Channel (A,S)",,Q,313,302,285,313,121,133,12,10.3%,422,,,,,,,,
"Broadway (N,W)",57,Q,"12,957","13,242","8,473","10,195","4,530","5,541","1,011",22.3%,128,,,,,,,,
"Court Sq (E,G,M,7)",,Q,"23,317","23,672","23,995","23,600","7,877","8,941","1,064",13.5%,65,,,,,,,,
"Elmhurst Av (M,R)",,Q,"13,508","12,967","12,463","12,362","5,460","6,584","1,124",20.6%,98,,,,,,,,
Far Rockaway-Mott Av (A),,Q,"5,009","4,738","4,435","4,388","2,280","2,321",42,1.8%,303,,,,,,,,
Flushing-Main St (7),,Q,"60,259","58,511","55,669","56,503","22,786","28,348","5,561",24.4%,9,,,,,,,,
Forest Av (M),58,Q,"4,429","2,819","3,124","4,235","1,980","2,314",334,16.9%,305,,,,,,,,
"Forest Hills-71 Av (E,F,M,R)",,Q,"28,135","27,760","26,613","26,477","10,122","11,786","1,665",16.4%,41,,,,,,,,
Fresh Pond Rd (M),59,Q,"6,130","4,223","4,716","5,882","2,753","3,119",366,13.3%,240,,,,,,,,
"Grand Av-Newtown (M,R)",,Q,"19,373","18,754","18,489","18,531","7,715","9,485","1,770",22.9%,60,,,,,,,,
Howard Beach-JFK Airport (A),,Q,"3,011","3,292","3,376","3,483",956,"1,317",361,37.7%,384,,,,,,,,
Hunters Point Av (7),,Q,"7,292","7,283","7,205","7,039","2,596","2,587",-9,-0.4%,283,,,,,,,,
"Jamaica Center-Parsons-Archer (E,J,Z)",,Q,"41,603","39,326","36,368","34,419","14,183","15,806","1,623",11.4%,23,,,,,,,,
Jamaica-179 St (F),,Q,"23,121","22,421","21,452","21,353","9,202","10,093",891,9.7%,55,,,,,,,,
Jamaica-Van Wyck (E),,Q,"5,022","4,972","4,717","4,561","2,663","2,490",-172,-6.5%,289,,,,,,,,
Junction Blvd (7),,Q,"22,051","21,751","21,100","21,149","11,044","14,238","3,194",28.9%,27,,,,,,,,
"Kew Gardens-Union Turnpike (E,F)",,Q,"27,085","26,493","25,536","25,235","10,123","11,588","1,465",14.5%,42,,,,,,,,
Mets-Willets Point (7),,Q,"5,367","5,028","4,606","4,973",922,"2,611","1,689",183.1%,282,,,,,,,,
Middle Village-Metropolitan Av (M),60,Q,"4,530","3,064","3,225","3,726","1,713","2,070",357,20.8%,326,,,,,,,,
"Northern Blvd (M,R)",,Q,"7,413","7,107","6,904","6,682","2,956","3,530",574,19.4%,217,,,,,,,,
Ozone Park-Lefferts Blvd (A),,Q,"8,023","7,722","7,591","7,434","3,397","3,557",159,4.7%,212,,,,,,,,
Parsons Blvd (F),,Q,"6,644","6,593","6,462","6,654","3,498","3,604",106,3.0%,210,,,,,,,,
"Queens Plaza (E,M,R)",,Q,"10,652","11,369","12,747","14,298","4,709","5,400",691,14.7%,133,,,,,,,,
"Queensboro Plaza (N,W,7)",,Q,"12,936","13,502","14,517","14,533","5,435","6,573","1,138",20.9%,99,,,,,,,,
Rockaway Blvd (A),,Q,"7,683","7,786","7,534","7,450","3,365","3,855",490,14.6%,192,,,,,,,,
"Rockaway Park-Beach 116 St (A,S)",,Q,727,683,696,660,319,326,7,2.2%,420,,,,,,,,
Seneca Av (M),61,Q,"2,832","1,576","1,818","3,210","1,460","1,555",96,6.5%,364,,,,,,,,
"Steinway St. (M,R)",,Q,"14,836","14,867","15,590","14,640","5,564","6,711","1,147",20.6%,95,,,,,,,,
Sutphin Blvd (F),,Q,"4,652","4,496","4,291","4,328","2,277","2,257",-20,-0.9%,309,,,,,,,,
"Sutphin Blvd-Archer Av-JFK Airport (E,J,Z)",,Q,"24,796","23,843","23,388","23,891","9,357","12,053","2,696",28.8%,38,,,,,,,,
Vernon Blvd-Jackson Av (7),,Q,"15,910","15,781","15,093","15,151","5,711","7,024","1,313",23.0%,87,,,,,,,,
"Woodhaven Blvd (J,Z)",,Q,"4,838","5,104","4,771","4,607","2,171","2,463",293,13.5%,292,,,,,,,,
"Woodhaven Blvd (M,R)",,Q,"22,483","21,879","20,704","20,340","8,389","10,429","2,039",24.3%,49,,,,,,,,
Woodside-61 St (7),,Q,"17,236","16,945","16,501","16,684","7,400","9,365","1,964",26.5%,61,,,,,,,,
,,,,,,,,,,,,,,,,,,,
Brooklyn,,,"1,226,715","1,213,998","1,188,606","1,190,461","484,848","572,372","87,524",18.1%,,,,,,,,,
Bronx,,,"490,877","481,267","451,214","448,301","209,435","233,291","23,855",11.4%,,,,,,,,,
Manhattan,,,"3,128,188","3,100,902","3,042,005","3,092,234","1,025,104","1,179,265","154,162",15.0%,,,,,,,,,
Queens,,,"809,903","784,312","755,778","762,880","321,193","384,727","63,534",19.8%,,,,,,,,,
Systemwide Adjustment,,,72,366,-17,,,,0,,,,,,,,,,
Total,,,"5,655,755","5,580,845","5,437,586","5,493,875","2,040,580","2,369,655","329,075",16.1%,,,,,,,,,
,,,,,,,,,,,,,,,,,,,
"* MTA New York City Transit Temporary Station Closings, 2016-2021",,,,,,,,,,,,,,,,,,,
,,,,,,,,,,,,,,,,,,,
,,,,,,,,,,,,,,,,,,,
,,,,,,,,,,,,,,,,,,,
,,,,,,,,,,,,,,,,,,,
